key,match
nord,nordvpn
squares,squarespace
square,squarespace
squ,squarespace
skill,skillshare
help,betterhelp
ridgewallet,ridge
yahaha,yahahastudio
epidemic,epidemicsound
spoon,shakerspoon
apex,apexi
collarsco,collarsandco
phonepa,fonepaw
goinc,goincognito
incognito,goincognito
surfshop,surfshark
audiblecom,audible
brilliance,brilliant
prop,propel
pure,purenutrition
emyramen,immiramen
raid,raidshadowlegends
shadowlegends,raidshadowlegends
ag1,athleticgreens
henson,hensonshaving
trade,tradecoffee
helix,helixsleep
dbeyond,ddbeyond
